<?xml version="1.0"?>
<!--
    Licensed to the Apache Software Foundation (ASF) under one or more
    contributor license agreements.  See the NOTICE file distributed with
    this work for additional information regarding copyright ownership.
    The ASF licenses this file to You under the Apache License, Version 2.0
    (the "License"); you may not use this file except in compliance with
    the License.  You may obtain a copy of the License at

         http://www.apache.org/licenses/LICENSE-2.0

    Unless required by applicable law or agreed to in writing, software
    distributed under the License is distributed on an "AS IS" BASIS,
    WITHOUT WARRANTIES OR CONDITIONS OF ANY KIND, either express or implied.
    See the License for the specific language governing permissions and
    limitations under the License.
-->

<document>
    <properties>
        <title>Log4j 2 Implementation</title>
        <author email="rgoers@apache.org">Ralph Goers</author>
    </properties>

    <body>
        <section name="Log4j 2 Implementation">

            <p>
              The Log4j 2 implementation provides the functional components of the logging system.
              Users are free to create their own plugins and include them in the logging configuration.
            </p>

        </section>

        <section name="Requirements">
            <p>
                Log4j 2 requires Java 6. Some features may require optional
                <a href="dependencies.html">dependencies</a>. These dependencies are specified in the
                documentation for those features.
            </p>
            <ul>
                <li>JSON configuration requires the Jackson Data Processor.</li>
                <li>Async Loggers require the LMAX Disruptor.</li>
                <li>SMTPAppender requires Javax Mail.</li>
                <li>JMSQueueAppender and JMSTopicAppender require a JMS implementation like
                <a href="http://activemq.apache.org/">Apache ActiveMQ</a>.</li>
                <li>Windows color support requires Jansi.</li>
                <li>The JDBC Appender requires a JDBC driver for the database you choese to write events to.</li>
                <li>The JPA Appender requires the Java Persistence API classes, a JPA provider implementation,
                and a decorated entity that the user implements. It also requires an appropriate JDBC driver.</li>
                <li>The NoSQL Appender with MongoDB provider requires the MongoDB Java Client driver.</li>
                <li>The NoSQL Appender with Apache CouchDB provider requires the LightCouch CouchDB client library.</li>
                <li>The NoSQL Appender can be customized with a user-supplied provider, which will require the
                appropriate client library.</li>
            </ul>
        </section>

    </body>
</document>